{"k3": {"0": {"avg(TEMP)": 73.30149472532881, "avg(PRCP)": 0.11764115229519903, "avg(SLP)": 1013.241660328378, "avg(DEWP)": 60.348213759084516, "avg(WDSP)": 14.496703824527795, "std(TEMP)": 8.390725654545834, "std(PRCP)": 0.36518207536890174, "std(SLP)": 4.701133155759807, "std(DEWP)": 8.708750690862853, "std(WDSP)": 19.778593019768053, "avg(RH)": 64.01866398265474}, "1": {"avg(TEMP)": 51.15364892273639, "avg(PRCP)": 0.08561464760116506, "avg(SLP)": 1015.9091651726685, "avg(DEWP)": 40.901902465504854, "avg(WDSP)": 12.924279395845598, "std(TEMP)": 15.07135528718592, "std(PRCP)": 0.23243740213429215, "std(SLP)": 8.303826685292393, "std(DEWP)": 13.812263687093983, "std(WDSP)": 16.34540764683908, "avg(RH)": 71.52292650769019}, "2": {"avg(TEMP)": 31.37982319797365, "avg(PRCP)": 0.05825478108142525, "avg(SLP)": 1014.9576233165099, "avg(DEWP)": 22.795693673160006, "avg(WDSP)": 19.89576547160629, "std(TEMP)": 23.198784714041732, "std(PRCP)": 0.16113486799179919, "std(SLP)": 10.340249905377508, "std(DEWP)": 21.714371600162533, "std(WDSP)": 36.31175348981688, "avg(RH)": 76.15519576440654}}, "E3": {"0": {"avg(TEMP)": 67.6079178756717, "avg(PRCP)": 0.17508626211320993, "avg(SLP)": 1013.2710977700392, "avg(DEWP)": 57.69007289951515, "avg(WDSP)": 13.856748604419018, "std(TEMP)": 9.802568653650596, "std(PRCP)": 0.4941734540072833, "std(SLP)": 5.627511713432798, "std(DEWP)": 10.662741587275082, "std(WDSP)": 19.252133508051866, "avg(RH)": 72.45043062178736}, "1": {"avg(TEMP)": 50.99264508567643, "avg(PRCP)": 0.08125741033006387, "avg(SLP)": 1015.3594850864278, "avg(DEWP)": 41.83147791576306, "avg(WDSP)": 13.340925087290442, "std(TEMP)": 14.490019429953367, "std(PRCP)": 0.22405348346197368, "std(SLP)": 7.994253749739167, "std(DEWP)": 13.561498259081715, "std(WDSP)": 16.5045337170934, "avg(RH)": 74.55231341690731}, "2": {"avg(TEMP)": 45.70223262762325, "avg(PRCP)": 0.03427753695811175, "avg(SLP)": 1015.4700371148314, "avg(DEWP)": 32.042881085952054, "avg(WDSP)": 18.340152658330325, "std(TEMP)": 19.57785052926827, "std(PRCP)": 0.12056797151169638, "std(SLP)": 8.8352001799221, "std(DEWP)": 17.543160365623972, "std(WDSP)": 32.25357928413439, "avg(RH)": 62.05735682869111}}, "k5": {"0": {"avg(TEMP)": 78.70856099466458, "avg(PRCP)": 0.13313821814932222, "avg(SLP)": 1011.53649681093, "avg(DEWP)": 65.95032395023975, "avg(WDSP)": 15.93916428567503, "std(TEMP)": 5.998105065683703, "std(PRCP)": 0.40910555175818714, "std(SLP)": 3.770625038215343, "std(DEWP)": 6.821550547469831, "std(WDSP)": 22.140948561813413, "avg(RH)": 64.56045265437547}, "1": {"avg(TEMP)": 62.66922809841933, "avg(PRCP)": 0.09688045729287315, "avg(SLP)": 1015.8974111833179, "avg(DEWP)": 49.996327358745404, "avg(WDSP)": 11.973610570943876, "std(TEMP)": 12.601288821383383, "std(PRCP)": 0.29914633761778897, "std(SLP)": 6.504461570873202, "std(DEWP)": 12.07618923703485, "std(WDSP)": 15.6554356183872, "avg(RH)": 64.7974979453502}, "2": {"avg(TEMP)": 49.3491174682717, "avg(PRCP)": 0.08288869341438615, "avg(SLP)": 1015.8749609266597, "avg(DEWP)": 39.66678783413031, "avg(WDSP)": 13.211360633584347, "std(TEMP)": 15.176876778315831, "std(PRCP)": 0.21596388281583098, "std(SLP)": 8.582162045828971, "std(DEWP)": 13.762559395011841, "std(WDSP)": 16.569262756409262, "avg(RH)": 73.10463990516281}, "3": {"avg(TEMP)": 35.31120664513042, "avg(PRCP)": 0.060589861244825724, "avg(SLP)": 1015.090796784458, "avg(DEWP)": 26.18344922152739, "avg(WDSP)": 16.935424054018753, "std(TEMP)": 22.264793427969064, "std(PRCP)": 0.1726969022940552, "std(SLP)": 10.409701535809392, "std(DEWP)": 20.59540266193086, "std(WDSP)": 31.080327931596873, "avg(RH)": 74.64511826776936}, "4": {"avg(TEMP)": 21.864184331183736, "avg(PRCP)": 0.05632220482640501, "avg(SLP)": 1014.5135799150321, "avg(DEWP)": 14.597612311814743, "avg(WDSP)": 28.644356836440526, "std(TEMP)": 24.788114303268443, "std(PRCP)": 0.1333657948721699, "std(SLP)": 9.800344809574662, "std(DEWP)": 23.900238085909802, "std(WDSP)": 47.25091872145384, "avg(RH)": 79.81507772397502}}, "E5": {"0": {"avg(TEMP)": 80.67885602249385, "avg(PRCP)": 0.1644788271125307, "avg(SLP)": 1010.6466165748058, "avg(DEWP)": 70.52248266359754, "avg(WDSP)": 17.248370352564148, "std(TEMP)": 3.6957560900217667, "std(PRCP)": 0.47690068066920815, "std(SLP)": 2.718401440948579, "std(DEWP)": 5.031145186527775, "std(WDSP)": 22.750319420401837, "avg(RH)": 71.7878517808436}, "1": {"avg(TEMP)": 59.95847908169743, "avg(PRCP)": 0.12952263990492893, "avg(SLP)": 1015.5794303888829, "avg(DEWP)": 49.27408413780016, "avg(WDSP)": 11.710037572427744, "std(TEMP)": 14.674735917655223, "std(PRCP)": 0.4058231017004269, "std(SLP)": 7.160623393156503, "std(DEWP)": 15.197010673169292, "std(WDSP)": 18.03050190643861, "avg(RH)": 70.3211251558409}, "2": {"avg(TEMP)": 49.157172934371786, "avg(PRCP)": 0.07530054460569842, "avg(SLP)": 1015.3881767905754, "avg(DEWP)": 40.06453951251012, "avg(WDSP)": 13.41026212612443, "std(TEMP)": 14.998021078083172, "std(PRCP)": 0.20431489066033634, "std(SLP)": 8.283091254349705, "std(DEWP)": 13.844883541987167, "std(WDSP)": 16.840463192971367, "avg(RH)": 74.74268493927316}, "3": {"avg(TEMP)": 52.37697709783361, "avg(PRCP)": 0.23373024527991576, "avg(SLP)": 1012.7997890390567, "avg(DEWP)": 44.59527952632012, "avg(WDSP)": 14.716647756895364, "std(TEMP)": 10.870349565272763, "std(PRCP)": 0.517057586643211, "std(SLP)": 7.999926252154265, "std(DEWP)": 10.963257667802466, "std(WDSP)": 18.004907056118316, "avg(RH)": 78.38417341246253}, "4": {"avg(TEMP)": 45.35206229026351, "avg(PRCP)": 0.03009155657723166, "avg(SLP)": 1015.582071681104, "avg(DEWP)": 31.42754447360682, "avg(WDSP)": 18.920659489925825, "std(TEMP)": 19.76313235917968, "std(PRCP)": 0.10771252746975978, "std(SLP)": 8.888954464029053, "std(DEWP)": 17.502682868486218, "std(WDSP)": 32.91065706437513, "avg(RH)": 61.3207838426203}}, "k7": {"0": {"avg(TEMP)": 79.0290858440342, "avg(PRCP)": 0.1348159952005279, "avg(SLP)": 1011.4100481125745, "avg(DEWP)": 66.34551858349803, "avg(WDSP)": 16.19622910427056, "std(TEMP)": 5.80912469144583, "std(PRCP)": 0.4129941365435832, "std(SLP)": 3.694344499895556, "std(DEWP)": 6.676457449345152, "std(WDSP)": 22.449814675865298, "avg(RH)": 64.76786872073288}, "1": {"avg(TEMP)": 63.99924033863938, "avg(PRCP)": 0.09740456323138821, "avg(SLP)": 1015.7557490947488, "avg(DEWP)": 51.10035668532804, "avg(WDSP)": 12.060364871216514, "std(TEMP)": 12.262721588343263, "std(PRCP)": 0.30434428526342316, "std(SLP)": 6.3231135166053605, "std(DEWP)": 11.794964756849964, "std(WDSP)": 15.887201890435179, "avg(RH)": 64.16976762969071}, "2": {"avg(TEMP)": 52.235939672510675, "avg(PRCP)": 0.08539120148006396, "avg(SLP)": 1016.278106393412, "avg(DEWP)": 42.08690738904383, "avg(WDSP)": 11.808707940050093, "std(TEMP)": 14.392773626665283, "std(PRCP)": 0.22935648968608968, "std(SLP)": 8.182573547875005, "std(DEWP)": 13.076556318449704, "std(WDSP)": 15.32785347615357, "avg(RH)": 71.80824365703654}, "3": {"avg(TEMP)": 43.71930612867359, "avg(PRCP)": 0.07750038709299145, "avg(SLP)": 1014.8976066881374, "avg(DEWP)": 34.42917468706817, "avg(WDSP)": 15.729989200269243, "std(TEMP)": 17.357722339003573, "std(PRCP)": 0.1986006519327702, "std(SLP)": 9.298959864517775, "std(DEWP)": 15.912216208593897, "std(WDSP)": 19.21179285588815, "avg(RH)": 74.19407932887384}, "4": {"avg(TEMP)": 32.84719354625815, "avg(PRCP)": 0.055540799019824325, "avg(SLP)": 1015.3296504113134, "avg(DEWP)": 23.799780485284803, "avg(WDSP)": 17.275663285635705, "std(TEMP)": 23.772059754747215, "std(PRCP)": 0.16688277517571182, "std(SLP)": 10.721287052885627, "std(DEWP)": 22.032093034441914, "std(WDSP)": 35.65551695668714, "avg(RH)": 74.86829705285183}, "5": {"avg(TEMP)": 46.07316697380022, "avg(PRCP)": 0.1260877616984606, "avg(SLP)": 1012.968530096577, "avg(DEWP)": 37.45053734700694, "avg(WDSP)": 16.64519608115185, "std(TEMP)": 8.18734462615142, "std(PRCP)": 0.1670870066793204, "std(SLP)": 5.999311261626497, "std(DEWP)": 8.098276767960211, "std(WDSP)": 13.30974043075704, "avg(RH)": 76.04825103668534},